XlVNJMNB90aqg4RQ,2018-12-08T09:30:00+00:00
6bF2rHHGrNAdqc01,2018-12-08T09:30:00+00:00
QoYfFKjlBWbyzOEh,2018-12-08T09:30:00+00:00
qKkoTAM9jj3Y8UWm,2018-12-08T09:30:00+00:00
qqwwez74DPJwEXVA,2018-12-08T09:30:00+00:00
QoYfFKjlBWbyzOEh,2018-12-08T09:30:00+00:00
SRLoaquXrsbZifCX,2018-12-08T09:30:00+00:00
xX0Wn9VstadKOc6h,2018-12-08T09:30:00+00:00
leuncis61ndpZLVw,2018-12-08T09:30:00+00:00
qKkoTAM9jj3Y8UWm,2018-12-08T09:30:00+00:00
QoYfFKjlBWbyzOEh,2018-12-08T09:30:00+00:00
cvEdcQowRLN3DRt8,2018-12-08T09:30:00+00:00
lFfTyOd6tMtCTIvp,2018-12-08T09:30:00+00:00
qKkoTAM9jj3Y8UWm,2018-12-08T09:30:00+00:00
lFfTyOd6tMtCTIvp,2018-12-07T09:30:00+00:00
fJpdkYh8DyLfiBUU,2018-12-07T09:30:00+00:00
r4l3r6uW1V6F5Ffi,2018-12-07T09:30:00+00:00
cPsSjmrN8jHL2dYn,2018-12-07T09:30:00+00:00
90nzBgsqS52qoCDX,2018-12-07T09:30:00+00:00
zIsn0B7NJnaIm08E,2018-12-07T09:30:00+00:00
x28MQsDIL46luMQ7,2018-12-07T09:30:00+00:00
hjClcCtdxYbzeW51,2018-12-07T09:30:00+00:00
If1fueFK0ysQShEV,2018-12-07T09:30:00+00:00
2f6HZ5Gwjtl9KM54,2018-12-07T09:30:00+00:00
90nzBgsqS52qoCDX,2018-12-07T09:30:00+00:00
fNGiVKd4aGlpIzbu,2018-12-07T09:30:00+00:00
2f6HZ5Gwjtl9KM54,2018-12-07T09:30:00+00:00
PSCQJCEXQZsNi4kZ,2018-12-07T09:30:00+00:00
cPsSjmrN8jHL2dYn,2018-12-07T09:30:00+00:00
90nzBgsqS52qoCDX,2018-12-07T09:30:00+00:00
dnY9UKaCBDEs0ZJI,2018-12-07T09:30:00+00:00
GKlyIwmfP5XqDWJO,2018-12-07T09:30:00+00:00
dqcI2sTqN4RSol8B,2018-12-07T09:30:00+00:00
2f6HZ5Gwjtl9KM54,2018-12-07T09:30:00+00:00
u6pK0euu1rg5w9EZ,2018-12-07T09:30:00+00:00
90nzBgsqS52qoCDX,2018-12-07T09:30:00+00:00
WOWkKB6RhVDVhVKH,2018-12-07T09:30:00+00:00
EvRPhxnQqIKQtFh7,2018-12-07T09:30:00+00:00
825s1O1PUL23caag,2018-12-07T09:30:00+00:00
k6gMmXC5IASMwur2,2018-12-07T09:30:00+00:00
zeoAQagoHei2STPK,2018-12-07T09:30:00+00:00
If1fueFK0ysQShEV,2018-12-07T09:30:00+00:00
sZnNLSON9CSFncbQ,2018-12-07T09:30:00+00:00
90nzBgsqS52qoCDX,2018-12-07T09:30:00+00:00
7TIP2V3Tvrc5M9RI,2018-12-07T09:30:00+00:00
2f6HZ5Gwjtl9KM54,2018-12-07T09:30:00+00:00
2f6HZ5Gwjtl9KM54,2018-12-07T09:30:00+00:00
zbuAOlTd4WNQ3vsj,2018-12-07T09:30:00+00:00
zKmedggIT8QjCx9B,2018-12-07T09:30:00+00:00
mSBCVAVcXSF7yBac,2018-12-07T09:30:00+00:00
fNGiVKd4aGlpIzbu,2018-12-07T09:30:00+00:00
Q2JyC1JoyZezTl3q,2018-12-07T09:30:00+00:00
DDdRMXn1Mc1xD45I,2018-12-07T09:30:00+00:00
90nzBgsqS52qoCDX,2018-12-07T09:30:00+00:00
bdxaZCahMt3PbydO,2018-12-07T09:30:00+00:00
YP5IXew0MkUGAheZ,2018-12-07T09:30:00+00:00
2f6HZ5Gwjtl9KM54,2018-12-07T09:30:00+00:00
nSd3I24AEpvOgofv,2018-12-07T09:30:00+00:00
aa31apSreYmShsxf,2018-12-07T09:30:00+00:00
xKUVyzaRCU7clxen,2018-12-07T09:30:00+00:00
3AOL0P5GO0FdkSQ6,2018-12-07T09:30:00+00:00
3InxSG3gYCjgKw1r,2018-12-07T09:30:00+00:00
QDaAbozPkM8Rel80,2018-12-07T09:30:00+00:00
78CFOtTMT43qkSST,2018-12-07T09:30:00+00:00
90nzBgsqS52qoCDX,2018-12-07T09:30:00+00:00
nSd3I24AEpvOgofv,2018-12-07T09:30:00+00:00
HPcgXKFKwmYz84in,2018-12-07T09:30:00+00:00
QDaAbozPkM8Rel80,2018-12-07T09:30:00+00:00
wGSx1VWaUHB5cOY1,2018-12-07T09:30:00+00:00
DuhsWC1iIYtOfQi1,2018-12-07T09:30:00+00:00
2f6HZ5Gwjtl9KM54,2018-12-07T09:30:00+00:00
fNGiVKd4aGlpIzbu,2018-12-07T09:30:00+00:00
2f6HZ5Gwjtl9KM54,2018-12-07T09:30:00+00:00
sOyxZpvdQ52l6UQj,2018-12-07T09:30:00+00:00
wGSx1VWaUHB5cOY1,2018-12-07T09:30:00+00:00
QDaAbozPkM8Rel80,2018-12-07T09:30:00+00:00
eiJvos8doOlQdXVi,2018-12-07T09:30:00+00:00
nxjAauFn1LywnZz1,2018-12-07T09:30:00+00:00
GWbSAnAOADv32tvA,2018-12-07T09:30:00+00:00
PNLE4RS3UUaveSUb,2018-12-07T09:30:00+00:00
90nzBgsqS52qoCDX,2018-12-07T09:30:00+00:00
QDaAbozPkM8Rel80,2018-12-07T09:30:00+00:00
LyYq04OJXuaFReLG,2018-12-07T09:30:00+00:00
fNGiVKd4aGlpIzbu,2018-12-07T09:30:00+00:00
4QvcehNAMouPwlt9,2018-12-07T09:30:00+00:00
QDaAbozPkM8Rel80,2018-12-07T09:30:00+00:00
CGohF9NWvmn7hn6M,2018-12-07T09:30:00+00:00
fNGiVKd4aGlpIzbu,2018-12-07T09:30:00+00:00
QDaAbozPkM8Rel80,2018-12-07T09:30:00+00:00
QDaAbozPkM8Rel80,2018-12-07T09:30:00+00:00
QDaAbozPkM8Rel80,2018-12-07T09:30:00+00:00
3InxSG3gYCjgKw1r,2018-12-07T09:30:00+00:00
hjClcCtdxYbzeW51,2018-12-07T09:30:00+00:00
G8s3XIAY0DIzscrN,2018-12-07T09:30:00+00:00
fNGiVKd4aGlpIzbu,2018-12-07T09:30:00+00:00
T4DKIekd6GphI9pB,2018-12-07T09:30:00+00:00
povysM4lqsFUau47,2018-12-07T09:30:00+00:00
P6bPdbh4wleGQLHd,2018-12-07T09:30:00+00:00
JCvwknYIpprOsQwq,2018-12-07T09:30:00+00:00
QDaAbozPkM8Rel80,2018-12-07T09:30:00+00:00
2f6HZ5Gwjtl9KM54,2018-12-07T09:30:00+00:00
fNGiVKd4aGlpIzbu,2018-12-07T09:30:00+00:00
OghToik98DFZt8OT,2018-12-07T09:30:00+00:00
afMSauJyghAKsSov,2018-12-07T09:30:00+00:00
90nzBgsqS52qoCDX,2018-12-07T09:30:00+00:00
G8s3XIAY0DIzscrN,2018-12-07T09:30:00+00:00
wtGuIQW6MwpCOJdG,2018-12-07T09:30:00+00:00
M0PmCaqwgDkvzvqf,2018-12-07T09:30:00+00:00
PDTyhwBVQc8BkqiN,2018-12-07T09:30:00+00:00
TTGq5pczsTZGuvdF,2018-12-07T09:30:00+00:00
24qJtaAh4AUTAeYE,2018-12-07T09:30:00+00:00
vKO26za8menkpZY4,2018-12-07T09:30:00+00:00
2HurfJWXZenVFQf3,2018-12-07T09:30:00+00:00
GVLlI0fP6NKdrwar,2018-12-07T09:30:00+00:00
sSk9n1ZBYzig069q,2018-12-07T09:30:00+00:00
QDaAbozPkM8Rel80,2018-12-07T09:30:00+00:00
Ia6qFsn6zoyhgyas,2018-12-07T09:30:00+00:00
YtO6bXeSL5dv3h7N,2018-12-07T09:30:00+00:00
ISMm4pJIIA2vZWEW,2018-12-07T09:30:00+00:00
4TBJOjb2bxlicqA3,2018-12-07T09:30:00+00:00
2f6HZ5Gwjtl9KM54,2018-12-07T09:30:00+00:00
rWWYHbbBaeDWoX6c,2018-12-07T09:30:00+00:00
kLFUr2jZAMsxQbzB,2018-12-07T09:30:00+00:00
IyxJQZETSfKng24S,2018-12-07T09:30:00+00:00
pxVFydVmOUGtNm0J,2018-12-07T09:30:00+00:00
ndWHJdTFPwT7FQzs,2018-12-07T09:30:00+00:00
2f6HZ5Gwjtl9KM54,2018-12-07T09:30:00+00:00
yxPL2lKoZUONSTaX,2018-12-07T09:30:00+00:00
Ijo0X1k4gJIlMBCk,2018-12-07T09:30:00+00:00
90nzBgsqS52qoCDX,2018-12-07T09:30:00+00:00
QDaAbozPkM8Rel80,2018-12-07T09:30:00+00:00
pxWg6yP4J9pKiEaM,2018-12-07T09:30:00+00:00
FX6MtNZL37dtlTLv,2018-12-07T09:30:00+00:00
XNNzGiJOVLVnINSO,2018-12-07T09:30:00+00:00
3yoB1flnoEdVyQVE,2018-12-07T09:30:00+00:00
fY94Lt44Tlob3or2,2018-12-07T09:30:00+00:00
2f6HZ5Gwjtl9KM54,2018-12-07T09:30:00+00:00
90nzBgsqS52qoCDX,2018-12-07T09:30:00+00:00
2f6HZ5Gwjtl9KM54,2018-12-07T09:30:00+00:00
90nzBgsqS52qoCDX,2018-12-07T09:30:00+00:00
2f6HZ5Gwjtl9KM54,2018-12-07T09:30:00+00:00
QDaAbozPkM8Rel80,2018-12-07T09:30:00+00:00
YMTKDUQd6vYb1aXp,2018-12-07T09:30:00+00:00
P7Jr2ZWwXgfucN4k,2018-12-07T09:30:00+00:00
wz3VqgNuHWjN3Vq1,2018-12-07T09:30:00+00:00
90nzBgsqS52qoCDX,2018-12-07T09:30:00+00:00
NmZJhaVGPWgwx8o7,2018-12-07T09:30:00+00:00
QDaAbozPkM8Rel80,2018-12-07T09:30:00+00:00
J9zpCfZOsxxLQRGv,2018-12-07T09:30:00+00:00
2f6HZ5Gwjtl9KM54,2018-12-07T09:30:00+00:00
2f6HZ5Gwjtl9KM54,2018-12-07T09:30:00+00:00
Mhh9pil2sVi3zNkh,2018-12-07T09:30:00+00:00
hjClcCtdxYbzeW51,2018-12-07T09:30:00+00:00
Vdj4Y24Z4vnD0zgr,2018-12-07T09:30:00+00:00
FX6MtNZL37dtlTLv,2018-12-07T09:30:00+00:00
2f6HZ5Gwjtl9KM54,2018-12-07T09:30:00+00:00
Gnu8KP4ChxXH2MhR,2018-12-07T09:30:00+00:00
gE9R2lFUVB2UCzEN,2018-12-07T09:30:00+00:00
GHQvUEIWjnw4VjAM,2018-12-07T09:30:00+00:00
utXXNT9uOaQtBq4q,2018-12-07T09:30:00+00:00
a7XyI1u5mvwmsmZr,2018-12-07T09:30:00+00:00
bzfAI7oIw90sbls6,2018-12-07T09:30:00+00:00
6IswCHu7QFr0Y9TZ,2018-12-07T09:30:00+00:00
uviZwKzGKDCif7WV,2018-12-07T09:30:00+00:00
qilbhYQmFIFpPGcR,2018-12-07T09:30:00+00:00
QDaAbozPkM8Rel80,2018-12-07T09:30:00+00:00
u5AEoR6GM9iUDFiY,2018-12-07T09:30:00+00:00
8OGFpDWeMjvIaLOK,2018-12-07T09:30:00+00:00
2f6HZ5Gwjtl9KM54,2018-12-07T09:30:00+00:00
If1fueFK0ysQShEV,2018-12-07T09:30:00+00:00
90nzBgsqS52qoCDX,2018-12-07T09:30:00+00:00
ftVQeuvfJDEwdkKT,2018-12-07T09:30:00+00:00
QDaAbozPkM8Rel80,2018-12-07T09:30:00+00:00
uviZwKzGKDCif7WV,2018-12-07T09:30:00+00:00
ETzS3UuxugUJrlZq,2018-12-07T09:30:00+00:00
GFs1ZhWnnkvZgl2d,2018-12-07T09:30:00+00:00
2f6HZ5Gwjtl9KM54,2018-12-07T09:30:00+00:00
QDaAbozPkM8Rel80,2018-12-07T09:30:00+00:00
BlctY3GKrd1sdXRY,2018-12-06T09:30:00+00:00
oUjVHcHExiTzcl2i,2018-12-06T09:30:00+00:00
2AtygVQ6GnejC4ir,2018-12-06T09:30:00+00:00
AqyBlHAONytaFRLP,2018-12-06T09:30:00+00:00
Q2PvwPE2cYFG1Rl1,2018-12-06T09:30:00+00:00
CPktmA857KyPWWwt,2018-12-06T09:30:00+00:00
5y36uhhrvRIUNTcW,2018-12-06T09:30:00+00:00
Q2PvwPE2cYFG1Rl1,2018-12-06T09:30:00+00:00
fntP4b2IT207i327,2018-12-06T09:30:00+00:00
4vQBpGxyYU5Fqpqs,2018-12-06T09:30:00+00:00
nZJDkjjITCvRKH1q,2018-12-06T09:30:00+00:00
CFNSk4Vjhh4ebCD8,2018-12-06T09:30:00+00:00
BlctY3GKrd1sdXRY,2018-12-06T09:30:00+00:00
ttYD4XYdK9PumL1V,2018-12-06T09:30:00+00:00
vir9QKtLaNDayRWa,2018-12-06T09:30:00+00:00
thhVuoTK5X7LXRwf,2018-12-06T09:30:00+00:00
x1D3blUcnxeazq0K,2018-12-06T09:30:00+00:00
2AtygVQ6GnejC4ir,2018-12-06T09:30:00+00:00
78msjnJc0gn7xO1j,2018-12-06T09:30:00+00:00
Xgn4CtmrS973iEW9,2018-12-06T09:30:00+00:00
ttYD4XYdK9PumL1V,2018-12-06T09:30:00+00:00
XWm8o6tT8AyU3wjy,2018-12-06T09:30:00+00:00
BlctY3GKrd1sdXRY,2018-12-06T09:30:00+00:00
fntP4b2IT207i327,2018-12-06T09:30:00+00:00
78msjnJc0gn7xO1j,2018-12-06T09:30:00+00:00
ttYD4XYdK9PumL1V,2018-12-06T09:30:00+00:00
vir9QKtLaNDayRWa,2018-12-06T09:30:00+00:00
L3RPhEWVdA0eEsJY,2018-12-06T09:30:00+00:00
4vQBpGxyYU5Fqpqs,2018-12-06T09:30:00+00:00
thhVuoTK5X7LXRwf,2018-12-06T09:30:00+00:00
nZJDkjjITCvRKH1q,2018-12-06T09:30:00+00:00
2AtygVQ6GnejC4ir,2018-12-06T09:30:00+00:00
znLcI8BZFT25jJ6a,2018-12-06T09:30:00+00:00
ttYD4XYdK9PumL1V,2018-12-06T09:30:00+00:00
5K9rHcI5wCIsPG9S,2018-12-06T09:30:00+00:00
Q2PvwPE2cYFG1Rl1,2018-12-06T09:30:00+00:00
pxyoFxk2npe4RLNs,2018-12-06T09:30:00+00:00
vir9QKtLaNDayRWa,2018-12-06T09:30:00+00:00
L3RPhEWVdA0eEsJY,2018-12-06T09:30:00+00:00
b6SkjpISITtsU6tS,2018-12-06T09:30:00+00:00
2AtygVQ6GnejC4ir,2018-12-06T09:30:00+00:00
Q2PvwPE2cYFG1Rl1,2018-12-06T09:30:00+00:00
vir9QKtLaNDayRWa,2018-12-06T09:30:00+00:00
ttYD4XYdK9PumL1V,2018-12-06T09:30:00+00:00
fntP4b2IT207i327,2018-12-06T09:30:00+00:00
78msjnJc0gn7xO1j,2018-12-06T09:30:00+00:00
L3RPhEWVdA0eEsJY,2018-12-06T09:30:00+00:00
xP8iUZ2A2fsnQMii,2018-12-06T09:30:00+00:00
2AtygVQ6GnejC4ir,2018-12-06T09:30:00+00:00
BlctY3GKrd1sdXRY,2018-12-06T09:30:00+00:00
fntP4b2IT207i327,2018-12-06T09:30:00+00:00
L3RPhEWVdA0eEsJY,2018-12-06T09:30:00+00:00
4vQBpGxyYU5Fqpqs,2018-12-06T09:30:00+00:00
sCU8owGrRCPYS4a5,2018-12-06T09:30:00+00:00
Q2PvwPE2cYFG1Rl1,2018-12-06T09:30:00+00:00
L3RPhEWVdA0eEsJY,2018-12-06T09:30:00+00:00
5K9rHcI5wCIsPG9S,2018-12-06T09:30:00+00:00
AqyBlHAONytaFRLP,2018-12-06T09:30:00+00:00
XWm8o6tT8AyU3wjy,2018-12-06T09:30:00+00:00
znLcI8BZFT25jJ6a,2018-12-06T09:30:00+00:00